anonymous_cluster_id	genre	SVO	SOV	VSO	VOS	OSV	OVS
suk-literary-0001	suk-literary	1	1	0	0	0	1
suk-literary-0002	suk-literary	1	0	0	0	0	0
suk-literary-0003	suk-literary	2	0	1	0	0	1
suk-literary-0004	suk-literary	7	0	0	0	0	1
suk-literary-0005	suk-literary	1	0	0	0	0	0
suk-literary-0006	suk-literary	1	0	0	0	0	0
suk-literary-0007	suk-literary	9	0	1	0	0	0
suk-literary-0008	suk-literary	3	2	0	0	0	0
suk-literary-0009	suk-literary	7	0	0	0	0	0
suk-literary-0010	suk-literary	2	0	0	0	0	0
suk-literary-0011	suk-literary	2	0	0	0	0	0
suk-literary-0012	suk-literary	0	0	0	0	0	1
suk-literary-0013	suk-literary	0	1	0	0	0	0
suk-literary-0014	suk-literary	4	0	0	0	0	0
suk-literary-0015	suk-literary	1	0	1	0	0	1
suk-literary-0016	suk-literary	1	0	0	0	0	1
suk-literary-0017	suk-literary	7	0	0	0	0	1
suk-literary-0018	suk-literary	1	0	0	0	0	0
suk-literary-0019	suk-literary	3	1	0	0	0	1
suk-literary-0020	suk-literary	4	0	0	0	0	1
suk-literary-0021	suk-literary	2	0	0	0	0	1
suk-literary-0022	suk-literary	0	0	0	1	0	0
suk-literary-0023	suk-literary	1	0	0	0	0	0
suk-literary-0024	suk-literary	2	0	0	0	0	0
suk-literary-0025	suk-literary	1	0	0	0	1	0
suk-literary-0026	suk-literary	2	0	0	0	0	0
suk-literary-0027	suk-literary	2	0	2	0	1	0
suk-literary-0028	suk-literary	1	1	0	0	0	1
suk-literary-0029	suk-literary	2	0	0	0	0	2
suk-literary-0030	suk-literary	2	0	0	0	0	0
suk-literary-0031	suk-literary	0	1	0	0	0	0
suk-literary-0032	suk-literary	0	0	0	1	0	0
suk-literary-0033	suk-literary	2	0	0	0	0	0
suk-literary-0034	suk-literary	1	0	0	0	0	0
suk-literary-0035	suk-literary	2	0	0	0	0	1
suk-literary-0036	suk-literary	0	0	0	0	0	1
suk-literary-0037	suk-literary	7	1	0	0	0	2
suk-literary-0038	suk-literary	1	0	0	0	0	0
suk-literary-0039	suk-literary	2	0	0	0	0	1
suk-literary-0040	suk-literary	2	0	0	0	0	0
suk-literary-0041	suk-literary	2	0	0	0	0	0
suk-literary-0042	suk-literary	1	0	0	0	0	0
suk-literary-0043	suk-literary	0	0	0	1	1	1
suk-literary-0044	suk-literary	1	0	0	0	1	0
suk-literary-0045	suk-literary	0	0	0	0	0	2
suk-literary-0046	suk-literary	1	0	0	0	0	0
suk-literary-0047	suk-literary	4	0	1	1	0	2
suk-literary-0048	suk-literary	3	0	0	0	0	3
suk-literary-0049	suk-literary	1	0	0	0	0	0
suk-literary-0050	suk-literary	2	0	0	0	0	1
suk-literary-0051	suk-literary	1	0	0	0	0	0
suk-literary-0052	suk-literary	1	0	0	0	0	0
suk-literary-0053	suk-literary	4	0	0	0	0	1
suk-literary-0054	suk-literary	2	0	0	0	0	0
suk-publicistic-0001	suk-publicistic	3	1	0	0	0	0
suk-publicistic-0002	suk-publicistic	1	0	1	0	0	0
suk-publicistic-0003	suk-publicistic	2	0	0	0	0	1
suk-publicistic-0004	suk-publicistic	1	1	0	0	0	0
suk-publicistic-0005	suk-publicistic	1	0	0	0	0	2
suk-publicistic-0006	suk-publicistic	1	0	0	0	0	0
suk-publicistic-0007	suk-publicistic	2	0	0	0	0	0
suk-publicistic-0008	suk-publicistic	4	0	0	0	0	0
suk-publicistic-0009	suk-publicistic	3	0	1	0	0	0
suk-publicistic-0010	suk-publicistic	1	0	0	0	0	3
suk-publicistic-0011	suk-publicistic	1	0	0	0	0	0
suk-publicistic-0012	suk-publicistic	1	0	0	0	0	0
suk-publicistic-0013	suk-publicistic	3	0	0	1	0	0
suk-publicistic-0014	suk-publicistic	3	0	0	0	0	1
suk-publicistic-0015	suk-publicistic	1	0	0	0	0	0
suk-publicistic-0016	suk-publicistic	9	0	0	0	1	2
suk-publicistic-0017	suk-publicistic	2	0	0	0	0	1
suk-publicistic-0018	suk-publicistic	4	0	0	0	0	2
suk-publicistic-0019	suk-publicistic	3	0	0	0	0	0
suk-publicistic-0020	suk-publicistic	4	1	0	0	0	1
suk-publicistic-0021	suk-publicistic	1	0	0	0	0	0
suk-publicistic-0022	suk-publicistic	1	0	1	0	0	0
suk-publicistic-0023	suk-publicistic	3	0	0	0	0	0
suk-publicistic-0024	suk-publicistic	4	1	0	0	0	0
suk-publicistic-0025	suk-publicistic	2	0	0	0	0	0
suk-publicistic-0026	suk-publicistic	9	0	0	0	0	0
suk-publicistic-0027	suk-publicistic	0	2	0	0	0	0
suk-publicistic-0028	suk-publicistic	3	0	1	1	0	0
suk-publicistic-0029	suk-publicistic	1	0	0	0	0	0
suk-publicistic-0030	suk-publicistic	2	1	0	0	0	0
suk-publicistic-0031	suk-publicistic	1	0	0	0	0	0
suk-publicistic-0032	suk-publicistic	9	1	0	0	0	2
suk-publicistic-0033	suk-publicistic	1	0	0	0	0	0
suk-publicistic-0034	suk-publicistic	0	0	0	0	1	0
suk-publicistic-0035	suk-publicistic	1	0	0	0	0	0
suk-publicistic-0036	suk-publicistic	4	0	1	0	0	1
suk-publicistic-0037	suk-publicistic	8	0	0	0	0	1
suk-publicistic-0038	suk-publicistic	1	0	0	0	0	0
suk-publicistic-0039	suk-publicistic	0	1	0	0	0	1
suk-publicistic-0040	suk-publicistic	5	1	0	0	0	1
suk-publicistic-0041	suk-publicistic	4	0	0	0	0	1
suk-publicistic-0042	suk-publicistic	1	0	0	0	0	1
suk-publicistic-0043	suk-publicistic	1	0	0	0	0	0
suk-publicistic-0044	suk-publicistic	10	1	0	0	0	1
suk-publicistic-0045	suk-publicistic	20	1	1	1	1	2
suk-publicistic-0046	suk-publicistic	1	0	0	0	0	1
suk-publicistic-0047	suk-publicistic	3	0	0	1	0	3
suk-publicistic-0048	suk-publicistic	1	0	0	0	0	0
suk-publicistic-0049	suk-publicistic	1	0	0	0	0	0
suk-publicistic-0050	suk-publicistic	1	0	0	0	0	0
suk-publicistic-0051	suk-publicistic	3	0	0	0	0	1
suk-publicistic-0052	suk-publicistic	2	0	0	0	0	0
suk-publicistic-0053	suk-publicistic	6	1	0	0	0	1
suk-publicistic-0054	suk-publicistic	1	0	0	0	0	0
suk-publicistic-0055	suk-publicistic	4	0	0	0	0	0
suk-publicistic-0056	suk-publicistic	1	0	0	0	0	0
suk-publicistic-0057	suk-publicistic	2	0	0	1	0	0
suk-publicistic-0058	suk-publicistic	1	0	0	0	0	0
suk-publicistic-0059	suk-publicistic	0	0	0	0	0	1
suk-publicistic-0060	suk-publicistic	4	0	0	0	0	2
suk-publicistic-0061	suk-publicistic	6	0	0	0	0	0
suk-publicistic-0062	suk-publicistic	1	0	0	0	0	0
suk-publicistic-0063	suk-publicistic	3	0	0	0	0	2
suk-publicistic-0064	suk-publicistic	3	0	0	0	0	0
suk-publicistic-0065	suk-publicistic	8	0	0	0	0	2
suk-publicistic-0066	suk-publicistic	2	0	0	0	0	1
suk-publicistic-0067	suk-publicistic	4	0	0	1	0	0
suk-publicistic-0068	suk-publicistic	0	0	0	0	1	0
suk-publicistic-0069	suk-publicistic	0	1	0	0	0	1
suk-publicistic-0070	suk-publicistic	3	0	0	0	0	0
suk-publicistic-0071	suk-publicistic	2	0	0	0	0	0
suk-publicistic-0072	suk-publicistic	1	0	0	0	0	0
suk-publicistic-0073	suk-publicistic	1	0	0	0	0	0
suk-publicistic-0074	suk-publicistic	4	0	0	0	0	1
suk-publicistic-0075	suk-publicistic	7	1	0	0	0	0
suk-publicistic-0076	suk-publicistic	2	0	0	0	0	0
suk-publicistic-0077	suk-publicistic	2	0	0	0	0	0
suk-publicistic-0078	suk-publicistic	5	0	0	0	0	0
suk-publicistic-0079	suk-publicistic	1	0	0	0	0	0
suk-publicistic-0080	suk-publicistic	3	0	0	0	0	0
suk-publicistic-0081	suk-publicistic	4	0	0	0	0	0
suk-publicistic-0082	suk-publicistic	2	0	0	1	0	1
suk-publicistic-0083	suk-publicistic	2	0	0	1	0	0
suk-publicistic-0084	suk-publicistic	2	1	0	0	0	0
suk-publicistic-0085	suk-publicistic	3	0	0	1	0	0
suk-publicistic-0086	suk-publicistic	0	1	0	0	0	0
suk-publicistic-0087	suk-publicistic	0	1	0	0	0	0
suk-publicistic-0088	suk-publicistic	1	0	0	1	0	0
suk-publicistic-0089	suk-publicistic	2	0	0	0	0	0
suk-publicistic-0090	suk-publicistic	3	0	0	0	0	3
suk-publicistic-0091	suk-publicistic	1	0	0	0	0	0
suk-publicistic-0092	suk-publicistic	2	0	0	0	0	0
suk-publicistic-0093	suk-publicistic	1	0	0	0	0	0
suk-publicistic-0094	suk-publicistic	1	1	0	0	0	1
suk-publicistic-0095	suk-publicistic	8	0	0	0	0	1
suk-publicistic-0096	suk-publicistic	3	0	1	0	0	0
suk-publicistic-0097	suk-publicistic	1	0	0	1	0	0
suk-publicistic-0098	suk-publicistic	1	0	0	0	0	0
suk-publicistic-0099	suk-publicistic	0	0	1	0	0	0
suk-publicistic-0100	suk-publicistic	2	0	1	0	0	0
suk-publicistic-0101	suk-publicistic	9	0	1	0	0	2
suk-publicistic-0102	suk-publicistic	3	1	0	0	0	1
suk-publicistic-0103	suk-publicistic	5	1	0	0	0	2
suk-publicistic-0104	suk-publicistic	2	0	0	0	0	0
suk-publicistic-0105	suk-publicistic	2	0	0	0	0	0
suk-publicistic-0106	suk-publicistic	5	0	0	0	0	1
suk-publicistic-0107	suk-publicistic	1	0	0	0	0	0
suk-publicistic-0108	suk-publicistic	5	1	0	0	0	1
suk-publicistic-0109	suk-publicistic	2	0	0	0	0	0
suk-publicistic-0110	suk-publicistic	1	0	0	0	0	0
suk-publicistic-0111	suk-publicistic	2	1	1	0	0	0
suk-publicistic-0112	suk-publicistic	3	0	0	0	0	0
suk-publicistic-0113	suk-publicistic	5	2	0	0	1	1
suk-publicistic-0114	suk-publicistic	2	0	0	0	1	1
suk-publicistic-0115	suk-publicistic	2	0	1	0	0	0
suk-publicistic-0116	suk-publicistic	1	0	0	0	0	0
suk-publicistic-0117	suk-publicistic	1	0	0	0	0	1
suk-publicistic-0118	suk-publicistic	4	1	0	0	0	0
suk-publicistic-0119	suk-publicistic	4	0	0	0	0	0
suk-publicistic-0120	suk-publicistic	1	0	0	0	0	0
suk-publicistic-0121	suk-publicistic	4	0	0	0	0	0
suk-publicistic-0122	suk-publicistic	1	1	0	0	0	2
suk-publicistic-0123	suk-publicistic	6	1	0	0	0	0
suk-publicistic-0124	suk-publicistic	0	0	0	1	0	0
suk-publicistic-0125	suk-publicistic	4	0	0	0	0	0
suk-publicistic-0126	suk-publicistic	2	0	0	0	0	1
suk-publicistic-0127	suk-publicistic	1	0	0	0	0	0
suk-publicistic-0128	suk-publicistic	2	0	0	0	0	0
suk-publicistic-0129	suk-publicistic	5	0	1	0	0	0
suk-publicistic-0130	suk-publicistic	3	0	0	0	0	0
suk-publicistic-0131	suk-publicistic	0	0	0	0	1	1
suk-publicistic-0132	suk-publicistic	1	0	0	0	1	0
suk-publicistic-0133	suk-publicistic	3	0	0	0	1	0
suk-publicistic-0134	suk-publicistic	4	0	0	0	0	0
suk-publicistic-0135	suk-publicistic	1	0	0	0	0	0
suk-publicistic-0136	suk-publicistic	1	0	0	0	0	0
suk-publicistic-0137	suk-publicistic	6	0	1	0	0	1
suk-publicistic-0138	suk-publicistic	4	0	0	0	0	1
suk-publicistic-0139	suk-publicistic	2	0	0	0	0	0
suk-publicistic-0140	suk-publicistic	0	0	0	1	0	2
suk-publicistic-0141	suk-publicistic	4	0	0	0	0	2
suk-publicistic-0142	suk-publicistic	5	0	0	0	0	2
suk-publicistic-0143	suk-publicistic	7	0	0	0	0	1
suk-publicistic-0144	suk-publicistic	1	0	0	0	0	0
suk-publicistic-0145	suk-publicistic	4	0	0	0	0	0
suk-publicistic-0146	suk-publicistic	2	0	0	0	0	0
suk-publicistic-0147	suk-publicistic	1	0	0	0	1	1
suk-publicistic-0148	suk-publicistic	5	2	0	0	0	0
suk-publicistic-0149	suk-publicistic	6	0	0	0	0	0
suk-publicistic-0150	suk-publicistic	4	0	0	0	0	0
suk-publicistic-0151	suk-publicistic	2	0	0	0	0	0
suk-publicistic-0152	suk-publicistic	3	0	0	0	0	2
suk-publicistic-0153	suk-publicistic	3	1	0	0	0	1
suk-publicistic-0154	suk-publicistic	2	0	0	0	0	0
suk-publicistic-0155	suk-publicistic	1	0	1	0	0	0
suk-publicistic-0156	suk-publicistic	4	0	0	0	0	3
suk-publicistic-0157	suk-publicistic	3	0	0	0	0	0
suk-publicistic-0158	suk-publicistic	5	0	0	0	0	0
suk-publicistic-0159	suk-publicistic	4	0	1	0	0	1
suk-publicistic-0160	suk-publicistic	3	0	1	0	0	1
suk-publicistic-0161	suk-publicistic	1	0	0	0	0	1
suk-publicistic-0162	suk-publicistic	2	0	0	0	0	1
suk-publicistic-0163	suk-publicistic	1	0	0	0	0	0
suk-publicistic-0164	suk-publicistic	2	0	0	0	0	1
suk-publicistic-0165	suk-publicistic	1	0	0	0	0	0
suk-publicistic-0166	suk-publicistic	3	1	1	0	1	2
suk-publicistic-0167	suk-publicistic	1	0	0	1	0	1
suk-publicistic-0168	suk-publicistic	2	1	0	0	1	0
suk-publicistic-0169	suk-publicistic	6	1	0	0	1	0
suk-publicistic-0170	suk-publicistic	0	1	0	0	0	0
suk-publicistic-0171	suk-publicistic	1	0	0	0	0	0
suk-publicistic-0172	suk-publicistic	3	0	1	0	0	2
suk-publicistic-0173	suk-publicistic	0	0	1	0	0	0
suk-publicistic-0174	suk-publicistic	2	0	0	0	0	0
suk-publicistic-0175	suk-publicistic	1	1	0	0	0	0
suk-publicistic-0176	suk-publicistic	1	0	0	0	0	0
suk-publicistic-0177	suk-publicistic	2	0	0	0	0	1
suk-publicistic-0178	suk-publicistic	10	2	0	0	0	3
suk-publicistic-0179	suk-publicistic	5	0	0	1	0	0
suk-publicistic-0180	suk-publicistic	1	0	0	0	0	0
suk-publicistic-0181	suk-publicistic	2	0	0	0	0	0
suk-publicistic-0182	suk-publicistic	4	1	0	0	0	1
suk-publicistic-0183	suk-publicistic	4	1	0	0	0	0
suk-publicistic-0184	suk-publicistic	4	0	0	0	0	0
suk-publicistic-0185	suk-publicistic	4	0	0	0	0	3
suk-publicistic-0186	suk-publicistic	1	0	0	0	0	2
suk-publicistic-0187	suk-publicistic	0	0	0	0	0	2
suk-publicistic-0188	suk-publicistic	2	0	0	0	0	0
suk-publicistic-0189	suk-publicistic	0	1	0	0	0	0
suk-publicistic-0190	suk-publicistic	3	0	0	0	0	0
suk-publicistic-0191	suk-publicistic	4	0	0	0	0	1
suk-publicistic-0192	suk-publicistic	1	0	0	0	0	0
suk-publicistic-0193	suk-publicistic	1	0	0	0	0	1
suk-publicistic-0194	suk-publicistic	2	0	0	0	0	0
suk-publicistic-0195	suk-publicistic	1	0	0	0	1	0
suk-publicistic-0196	suk-publicistic	1	0	0	0	0	0
suk-publicistic-0197	suk-publicistic	3	0	0	0	0	0
suk-publicistic-0198	suk-publicistic	0	0	0	0	0	1
suk-publicistic-0199	suk-publicistic	2	1	1	0	0	1
suk-publicistic-0200	suk-publicistic	2	0	0	0	0	1
suk-publicistic-0201	suk-publicistic	2	0	0	0	0	0
suk-publicistic-0202	suk-publicistic	1	0	0	0	0	0
suk-publicistic-0203	suk-publicistic	3	0	0	0	0	1
suk-publicistic-0204	suk-publicistic	6	0	0	0	0	0
suk-publicistic-0205	suk-publicistic	1	2	0	0	0	0
suk-publicistic-0206	suk-publicistic	4	0	1	0	0	2
suk-publicistic-0207	suk-publicistic	5	1	0	0	0	1
suk-publicistic-0208	suk-publicistic	5	0	0	0	0	0
suk-publicistic-0209	suk-publicistic	2	0	0	0	0	0
suk-publicistic-0210	suk-publicistic	2	0	0	0	0	1
suk-publicistic-0211	suk-publicistic	3	0	2	0	0	1
suk-publicistic-0212	suk-publicistic	1	0	0	0	0	1
suk-publicistic-0213	suk-publicistic	1	0	1	0	0	0
suk-publicistic-0214	suk-publicistic	1	0	0	0	0	0
suk-publicistic-0215	suk-publicistic	4	0	0	0	0	0
suk-publicistic-0216	suk-publicistic	2	0	0	0	0	0
suk-publicistic-0217	suk-publicistic	1	0	0	0	0	0
suk-publicistic-0218	suk-publicistic	1	0	0	0	0	0
suk-publicistic-0219	suk-publicistic	0	1	1	1	0	0
suk-publicistic-0220	suk-publicistic	8	2	0	0	0	1
suk-publicistic-0221	suk-publicistic	0	0	0	0	0	2
suk-publicistic-0222	suk-publicistic	1	0	0	0	0	0
suk-publicistic-0223	suk-publicistic	1	0	0	0	1	0
suk-publicistic-0224	suk-publicistic	14	5	2	1	0	1
suk-publicistic-0225	suk-publicistic	1	0	0	0	0	0
suk-publicistic-0226	suk-publicistic	1	1	0	0	0	0
suk-publicistic-0227	suk-publicistic	2	0	0	0	0	0
suk-publicistic-0228	suk-publicistic	1	0	0	0	0	0
suk-publicistic-0229	suk-publicistic	2	0	0	0	0	0
suk-publicistic-0230	suk-publicistic	3	0	0	0	0	1
suk-publicistic-0231	suk-publicistic	1	0	1	0	0	1
suk-publicistic-0232	suk-publicistic	1	0	0	0	0	1
suk-publicistic-0233	suk-publicistic	3	1	0	0	0	1
suk-publicistic-0234	suk-publicistic	3	0	0	0	0	0
suk-publicistic-0235	suk-publicistic	3	0	0	0	0	0
suk-publicistic-0236	suk-publicistic	1	0	0	0	0	0
suk-publicistic-0237	suk-publicistic	2	0	0	0	0	0
suk-publicistic-0238	suk-publicistic	6	0	1	0	0	0
suk-publicistic-0239	suk-publicistic	5	1	1	0	0	2
suk-publicistic-0240	suk-publicistic	2	0	0	0	0	0
suk-publicistic-0241	suk-publicistic	3	0	0	0	0	0
suk-publicistic-0242	suk-publicistic	2	0	0	0	0	0
suk-publicistic-0243	suk-publicistic	1	0	0	1	0	0
suk-publicistic-0244	suk-publicistic	2	0	0	0	0	0
suk-publicistic-0245	suk-publicistic	3	0	0	0	0	3
suk-publicistic-0246	suk-publicistic	8	0	1	0	0	4
suk-publicistic-0247	suk-publicistic	2	0	0	0	0	1
suk-publicistic-0248	suk-publicistic	3	0	0	0	0	0
suk-publicistic-0249	suk-publicistic	4	0	0	0	0	0
suk-publicistic-0250	suk-publicistic	5	0	0	0	0	0
suk-publicistic-0251	suk-publicistic	0	1	0	0	0	0
suk-publicistic-0252	suk-publicistic	3	0	0	0	0	0
suk-publicistic-0253	suk-publicistic	1	1	0	0	0	3
suk-publicistic-0254	suk-publicistic	0	0	0	0	0	1
suk-publicistic-0255	suk-publicistic	1	0	0	0	0	0
suk-publicistic-0256	suk-publicistic	5	0	0	0	0	0
suk-publicistic-0257	suk-publicistic	1	0	0	0	0	0
suk-publicistic-0258	suk-publicistic	2	0	0	0	0	0
suk-publicistic-0259	suk-publicistic	2	1	0	0	0	1
suk-publicistic-0260	suk-publicistic	2	0	0	0	0	0
suk-publicistic-0261	suk-publicistic	0	0	0	0	0	1
suk-publicistic-0262	suk-publicistic	2	0	0	0	0	0
suk-publicistic-0263	suk-publicistic	6	2	0	0	1	0
suk-publicistic-0264	suk-publicistic	1	0	0	0	0	1
suk-publicistic-0265	suk-publicistic	2	0	0	0	0	1
suk-publicistic-0266	suk-publicistic	2	0	0	0	0	0
suk-publicistic-0267	suk-publicistic	2	0	0	0	0	1
suk-publicistic-0268	suk-publicistic	0	0	0	0	0	1
suk-publicistic-0269	suk-publicistic	2	0	0	0	0	0
suk-publicistic-0270	suk-publicistic	3	0	0	0	0	0
suk-publicistic-0271	suk-publicistic	5	0	0	0	0	1
suk-publicistic-0272	suk-publicistic	6	0	0	0	1	1
suk-publicistic-0273	suk-publicistic	2	0	1	0	0	1
suk-publicistic-0274	suk-publicistic	4	0	0	0	0	3
suk-publicistic-0275	suk-publicistic	3	0	0	0	0	0
suk-publicistic-0276	suk-publicistic	14	0	0	0	0	0
suk-publicistic-0277	suk-publicistic	3	0	0	0	0	0
suk-publicistic-0278	suk-publicistic	1	0	0	0	0	0
suk-publicistic-0279	suk-publicistic	1	0	0	0	0	0
suk-publicistic-0280	suk-publicistic	0	1	0	0	0	0
suk-publicistic-0281	suk-publicistic	2	0	0	0	0	0
suk-publicistic-0282	suk-publicistic	3	0	0	0	0	0
suk-publicistic-0283	suk-publicistic	1	0	0	0	0	0
suk-publicistic-0284	suk-publicistic	2	1	0	0	0	1
suk-publicistic-0285	suk-publicistic	2	0	0	0	0	0
suk-publicistic-0286	suk-publicistic	8	0	0	0	0	2
suk-publicistic-0287	suk-publicistic	2	1	0	0	0	0
suk-publicistic-0288	suk-publicistic	6	0	0	0	0	3
suk-publicistic-0289	suk-publicistic	1	0	0	0	0	0
suk-publicistic-0290	suk-publicistic	2	0	0	0	0	0
suk-publicistic-0291	suk-publicistic	6	0	0	0	0	0
suk-publicistic-0292	suk-publicistic	3	0	0	0	0	0
suk-publicistic-0293	suk-publicistic	0	0	0	0	1	0
suk-publicistic-0294	suk-publicistic	2	0	0	0	0	0
suk-publicistic-0295	suk-publicistic	2	0	0	0	0	0
suk-publicistic-0296	suk-publicistic	3	0	0	0	0	1
suk-publicistic-0297	suk-publicistic	2	0	0	0	0	0
suk-publicistic-0298	suk-publicistic	0	0	0	0	0	3
suk-publicistic-0299	suk-publicistic	3	1	1	0	0	1
suk-publicistic-0300	suk-publicistic	2	0	0	0	0	0
suk-publicistic-0301	suk-publicistic	1	0	0	0	0	0
suk-publicistic-0302	suk-publicistic	2	1	0	0	0	0
suk-publicistic-0303	suk-publicistic	2	0	0	0	0	1
suk-publicistic-0304	suk-publicistic	0	1	0	0	0	0
suk-publicistic-0305	suk-publicistic	1	0	0	0	0	0
suk-publicistic-0306	suk-publicistic	1	0	0	0	0	0
suk-publicistic-0307	suk-publicistic	1	0	0	0	0	0
suk-publicistic-0308	suk-publicistic	1	0	0	0	0	0
suk-publicistic-0309	suk-publicistic	1	1	0	0	0	0
suk-publicistic-0310	suk-publicistic	3	0	0	0	0	0
suk-publicistic-0311	suk-publicistic	1	0	0	0	1	0
suk-publicistic-0312	suk-publicistic	2	0	0	0	0	0
suk-publicistic-0313	suk-publicistic	1	0	0	0	0	0
suk-publicistic-0314	suk-publicistic	3	0	0	0	0	0
suk-publicistic-0315	suk-publicistic	4	0	0	0	0	1
suk-publicistic-0316	suk-publicistic	4	1	0	0	0	1
suk-publicistic-0317	suk-publicistic	1	0	0	0	0	1
suk-publicistic-0318	suk-publicistic	1	0	0	0	0	1
suk-publicistic-0319	suk-publicistic	1	0	0	0	0	0
suk-publicistic-0320	suk-publicistic	3	0	0	0	0	1
suk-publicistic-0321	suk-publicistic	1	0	0	0	0	1
suk-publicistic-0322	suk-publicistic	3	0	0	0	0	1
suk-publicistic-0323	suk-publicistic	0	0	0	0	1	0
suk-publicistic-0324	suk-publicistic	3	0	0	0	0	1
suk-publicistic-0325	suk-publicistic	1	0	0	0	0	1
suk-publicistic-0326	suk-publicistic	2	1	0	0	0	0
suk-publicistic-0327	suk-publicistic	3	0	0	0	0	0
suk-publicistic-0328	suk-publicistic	5	0	0	0	0	1
suk-publicistic-0329	suk-publicistic	1	0	0	0	0	0
suk-publicistic-0330	suk-publicistic	2	0	0	0	0	0
suk-publicistic-0331	suk-publicistic	2	0	0	0	0	1
suk-publicistic-0332	suk-publicistic	8	0	0	0	0	2
suk-publicistic-0333	suk-publicistic	1	0	0	0	0	0
suk-publicistic-0334	suk-publicistic	1	0	0	0	0	1
suk-publicistic-0335	suk-publicistic	1	0	0	0	0	0
suk-publicistic-0336	suk-publicistic	1	2	0	0	0	0
suk-publicistic-0337	suk-publicistic	1	0	0	0	0	0
suk-publicistic-0338	suk-publicistic	1	0	0	0	0	0
suk-publicistic-0339	suk-publicistic	4	1	0	0	0	2
suk-publicistic-0340	suk-publicistic	1	0	0	0	0	1
suk-publicistic-0341	suk-publicistic	1	0	0	0	0	0
suk-publicistic-0342	suk-publicistic	2	2	0	1	0	0
suk-publicistic-0343	suk-publicistic	1	0	0	0	0	0
suk-publicistic-0344	suk-publicistic	3	0	0	0	0	2
suk-publicistic-0345	suk-publicistic	1	0	0	0	1	0
suk-publicistic-0346	suk-publicistic	3	1	2	0	0	1
suk-publicistic-0347	suk-publicistic	1	0	0	0	0	0
suk-publicistic-0348	suk-publicistic	3	0	0	0	0	0
suk-publicistic-0349	suk-publicistic	2	0	0	0	0	0
suk-publicistic-0350	suk-publicistic	3	0	0	0	0	0
suk-publicistic-0351	suk-publicistic	1	0	0	0	0	1
suk-publicistic-0352	suk-publicistic	3	0	1	0	0	1
suk-publicistic-0353	suk-publicistic	4	1	0	0	0	3
suk-publicistic-0354	suk-publicistic	1	0	0	0	0	0
suk-publicistic-0355	suk-publicistic	1	1	0	0	0	1
suk-publicistic-0356	suk-publicistic	2	0	0	0	0	0
suk-publicistic-0357	suk-publicistic	0	0	0	0	0	1
suk-publicistic-0358	suk-publicistic	4	0	0	1	0	0
suk-publicistic-0359	suk-publicistic	3	0	0	0	0	0
suk-publicistic-0360	suk-publicistic	2	0	0	0	0	0
suk-publicistic-0361	suk-publicistic	1	0	0	0	0	0
suk-publicistic-0362	suk-publicistic	1	0	0	0	0	0
suk-publicistic-0363	suk-publicistic	3	1	1	0	1	2
suk-publicistic-0364	suk-publicistic	1	0	0	0	0	0
suk-publicistic-0365	suk-publicistic	2	0	0	0	0	0
suk-publicistic-0366	suk-publicistic	3	0	0	0	0	0
suk-publicistic-0367	suk-publicistic	6	1	0	0	0	1
suk-publicistic-0368	suk-publicistic	5	0	0	1	0	0
suk-publicistic-0369	suk-publicistic	2	1	0	0	0	0
suk-publicistic-0370	suk-publicistic	2	0	0	0	0	1
suk-publicistic-0371	suk-publicistic	1	0	0	0	0	0
suk-publicistic-0372	suk-publicistic	2	0	0	0	0	0
suk-publicistic-0373	suk-publicistic	2	0	0	0	0	0
suk-publicistic-0374	suk-publicistic	1	0	0	0	0	0
suk-publicistic-0375	suk-publicistic	6	0	0	0	1	1
suk-publicistic-0376	suk-publicistic	2	1	0	0	0	0
suk-publicistic-0377	suk-publicistic	2	0	0	0	0	0
suk-publicistic-0378	suk-publicistic	2	0	0	0	0	0
suk-publicistic-0379	suk-publicistic	0	1	0	0	0	1
suk-publicistic-0380	suk-publicistic	2	0	0	0	0	0
suk-publicistic-0381	suk-publicistic	1	0	0	0	0	0
suk-publicistic-0382	suk-publicistic	3	1	0	0	0	0
suk-publicistic-0383	suk-publicistic	3	0	0	0	0	1
suk-publicistic-0384	suk-publicistic	5	1	0	0	0	0
suk-publicistic-0385	suk-publicistic	3	0	0	0	0	0
suk-publicistic-0386	suk-publicistic	5	1	0	0	0	2
suk-publicistic-0387	suk-publicistic	0	1	0	0	0	0
suk-publicistic-0388	suk-publicistic	8	0	2	0	1	2
suk-publicistic-0389	suk-publicistic	1	0	0	0	0	0
suk-publicistic-0390	suk-publicistic	5	0	0	0	0	0
suk-publicistic-0391	suk-publicistic	3	1	0	0	0	2
suk-publicistic-0392	suk-publicistic	2	0	0	0	0	0
suk-publicistic-0393	suk-publicistic	3	0	0	0	0	0
suk-publicistic-0394	suk-publicistic	3	0	0	0	0	0
suk-publicistic-0395	suk-publicistic	1	0	0	0	0	0
suk-publicistic-0396	suk-publicistic	0	0	0	0	0	1
suk-publicistic-0397	suk-publicistic	2	4	1	1	0	0
suk-publicistic-0398	suk-publicistic	4	0	0	0	0	1
suk-publicistic-0399	suk-publicistic	1	0	0	0	0	1
suk-publicistic-0400	suk-publicistic	1	1	0	0	0	1
suk-publicistic-0401	suk-publicistic	9	0	0	0	0	0
suk-publicistic-0402	suk-publicistic	5	1	0	0	1	1
suk-publicistic-0403	suk-publicistic	2	0	1	0	0	0
suk-publicistic-0404	suk-publicistic	3	0	0	0	0	0
suk-publicistic-0405	suk-publicistic	2	0	1	0	0	0
suk-publicistic-0406	suk-publicistic	4	0	0	1	0	1
suk-publicistic-0407	suk-publicistic	2	1	1	0	0	1
suk-publicistic-0408	suk-publicistic	1	1	0	0	0	1
suk-publicistic-0409	suk-publicistic	4	0	0	0	0	0
suk-publicistic-0410	suk-publicistic	5	0	0	0	0	1
suk-publicistic-0411	suk-publicistic	0	0	0	0	0	1
suk-publicistic-0412	suk-publicistic	4	1	0	0	0	1
suk-publicistic-0413	suk-publicistic	2	1	0	0	0	0
suk-publicistic-0414	suk-publicistic	2	0	0	0	0	0
suk-publicistic-0415	suk-publicistic	1	0	0	0	0	0
suk-publicistic-0416	suk-publicistic	9	0	1	1	1	2
suk-publicistic-0417	suk-publicistic	0	0	0	0	0	1
suk-publicistic-0418	suk-publicistic	4	0	0	0	0	1
suk-publicistic-0419	suk-publicistic	1	0	0	0	0	0
suk-publicistic-0420	suk-publicistic	2	0	0	0	0	0
suk-publicistic-0421	suk-publicistic	0	0	0	0	0	2
suk-publicistic-0422	suk-publicistic	0	0	0	0	0	3
suk-publicistic-0423	suk-publicistic	1	0	0	0	0	0
suk-publicistic-0424	suk-publicistic	0	2	0	0	0	1
suk-publicistic-0425	suk-publicistic	3	2	0	0	0	1
suk-publicistic-0426	suk-publicistic	1	0	0	0	0	0
suk-publicistic-0427	suk-publicistic	1	0	0	0	0	0
suk-publicistic-0428	suk-publicistic	2	0	0	0	0	0
suk-publicistic-0429	suk-publicistic	1	0	0	0	0	0
suk-publicistic-0430	suk-publicistic	1	0	0	0	0	0
suk-publicistic-0431	suk-publicistic	1	0	0	0	0	0
suk-publicistic-0432	suk-publicistic	3	0	0	0	0	1
suk-publicistic-0433	suk-publicistic	1	0	0	0	0	0
suk-publicistic-0434	suk-publicistic	6	0	0	0	0	0
suk-publicistic-0435	suk-publicistic	1	0	0	0	0	0
suk-publicistic-0436	suk-publicistic	0	0	0	0	1	0
suk-publicistic-0437	suk-publicistic	1	0	0	0	0	0
suk-publicistic-0438	suk-publicistic	2	1	0	0	0	0
suk-publicistic-0439	suk-publicistic	0	0	0	0	0	1
suk-publicistic-0440	suk-publicistic	6	1	0	0	1	0
suk-publicistic-0441	suk-publicistic	0	0	0	0	1	1
suk-publicistic-0442	suk-publicistic	6	0	0	0	0	0
suk-publicistic-0443	suk-publicistic	1	0	1	0	0	0
suk-publicistic-0444	suk-publicistic	5	0	0	0	0	1
suk-publicistic-0445	suk-publicistic	6	0	0	0	0	0
suk-publicistic-0446	suk-publicistic	2	0	0	1	0	1
suk-publicistic-0447	suk-publicistic	1	0	0	0	0	1
suk-publicistic-0448	suk-publicistic	2	1	0	0	0	0
suk-publicistic-0449	suk-publicistic	1	0	1	0	0	2
suk-publicistic-0450	suk-publicistic	2	0	0	1	0	0
suk-publicistic-0451	suk-publicistic	7	1	1	0	0	1
suk-publicistic-0452	suk-publicistic	2	0	0	0	0	0
suk-publicistic-0453	suk-publicistic	12	0	0	0	0	1
suk-publicistic-0454	suk-publicistic	2	0	0	0	0	0
suk-publicistic-0455	suk-publicistic	4	0	0	0	0	1
suk-publicistic-0456	suk-publicistic	3	0	0	0	0	0
suk-publicistic-0457	suk-publicistic	2	0	0	0	0	0
suk-publicistic-0458	suk-publicistic	3	0	0	0	0	1
suk-publicistic-0459	suk-publicistic	3	0	0	0	0	0
suk-publicistic-0460	suk-publicistic	4	0	0	0	0	0
suk-publicistic-0461	suk-publicistic	1	1	0	0	0	0
suk-publicistic-0462	suk-publicistic	6	1	1	0	0	0
suk-publicistic-0463	suk-publicistic	0	0	0	0	0	1
suk-publicistic-0464	suk-publicistic	1	0	0	0	0	0
suk-publicistic-0465	suk-publicistic	1	0	0	0	0	1
suk-publicistic-0466	suk-publicistic	7	0	1	0	1	2
suk-publicistic-0467	suk-publicistic	1	0	0	0	0	0
suk-publicistic-0468	suk-publicistic	0	0	0	0	1	0
suk-publicistic-0469	suk-publicistic	0	0	0	0	0	1
suk-publicistic-0470	suk-publicistic	1	0	0	0	0	0
suk-publicistic-0471	suk-publicistic	2	0	0	0	0	0
suk-publicistic-0472	suk-publicistic	7	1	0	0	0	4
suk-publicistic-0473	suk-publicistic	2	1	0	0	0	0
suk-publicistic-0474	suk-publicistic	3	1	1	0	0	0
suk-publicistic-0475	suk-publicistic	0	0	0	0	0	1
suk-publicistic-0476	suk-publicistic	0	0	1	0	0	0
suk-publicistic-0477	suk-publicistic	3	0	0	1	0	1
suk-publicistic-0478	suk-publicistic	4	0	0	1	0	0
suk-publicistic-0479	suk-publicistic	2	0	1	0	0	0
suk-publicistic-0480	suk-publicistic	3	0	0	0	0	0
suk-publicistic-0481	suk-publicistic	1	0	0	0	1	0
suk-publicistic-0482	suk-publicistic	1	0	1	0	0	1
suk-publicistic-0483	suk-publicistic	4	0	0	0	0	1
suk-publicistic-0484	suk-publicistic	4	1	0	0	0	1
suk-publicistic-0485	suk-publicistic	5	0	0	0	0	0
suk-publicistic-0486	suk-publicistic	1	0	0	0	0	0
suk-publicistic-0487	suk-publicistic	1	0	0	0	0	0
suk-publicistic-0488	suk-publicistic	1	0	0	0	0	0
suk-publicistic-0489	suk-publicistic	1	0	0	0	0	0
suk-publicistic-0490	suk-publicistic	2	1	0	0	0	2
suk-publicistic-0491	suk-publicistic	6	1	0	0	0	2
suk-publicistic-0492	suk-publicistic	1	0	0	0	0	0
suk-publicistic-0493	suk-publicistic	1	1	0	0	0	0
suk-publicistic-0494	suk-publicistic	1	0	1	0	0	1
suk-publicistic-0495	suk-publicistic	1	0	0	0	0	1
suk-publicistic-0496	suk-publicistic	2	0	0	0	0	0
suk-publicistic-0497	suk-publicistic	1	0	0	0	1	0
suk-publicistic-0498	suk-publicistic	1	0	0	0	0	0
suk-publicistic-0499	suk-publicistic	2	0	0	0	0	1
suk-publicistic-0500	suk-publicistic	0	1	0	0	0	0
suk-publicistic-0501	suk-publicistic	2	0	0	0	0	1
suk-publicistic-0502	suk-publicistic	4	0	0	0	0	0
suk-publicistic-0503	suk-publicistic	1	2	0	0	0	0
suk-publicistic-0504	suk-publicistic	2	0	0	0	0	0
suk-publicistic-0505	suk-publicistic	2	0	0	0	0	0
suk-publicistic-0506	suk-publicistic	1	0	0	0	0	1
suk-publicistic-0507	suk-publicistic	4	0	0	0	0	0
suk-publicistic-0508	suk-publicistic	1	0	0	0	0	0
suk-publicistic-0509	suk-publicistic	1	0	0	0	0	0
suk-publicistic-0510	suk-publicistic	1	0	0	0	0	0
suk-publicistic-0511	suk-publicistic	0	0	0	0	0	1
suk-publicistic-0512	suk-publicistic	0	0	0	1	0	0
suk-publicistic-0513	suk-publicistic	0	1	0	0	0	0
suk-publicistic-0514	suk-publicistic	1	0	0	0	0	1
suk-publicistic-0515	suk-publicistic	3	0	0	0	0	1
suk-publicistic-0516	suk-publicistic	2	0	0	0	0	0
suk-publicistic-0517	suk-publicistic	3	0	1	0	0	0
suk-publicistic-0518	suk-publicistic	2	0	0	0	0	0
suk-publicistic-0519	suk-publicistic	2	0	0	0	0	1
suk-publicistic-0520	suk-publicistic	1	0	0	0	0	0
suk-publicistic-0521	suk-publicistic	5	0	1	0	0	0
suk-publicistic-0522	suk-publicistic	1	0	0	0	0	2
suk-publicistic-0523	suk-publicistic	2	0	3	1	0	1
suk-publicistic-0524	suk-publicistic	1	0	0	0	0	0
suk-publicistic-0525	suk-publicistic	5	1	1	1	0	0
suk-publicistic-0526	suk-publicistic	2	0	0	0	0	0
suk-publicistic-0527	suk-publicistic	2	0	0	0	0	0
suk-publicistic-0528	suk-publicistic	0	0	0	1	0	1
suk-publicistic-0529	suk-publicistic	4	2	0	0	0	0
suk-publicistic-0530	suk-publicistic	0	0	0	0	0	1
suk-publicistic-0531	suk-publicistic	1	0	0	0	0	0
suk-publicistic-0532	suk-publicistic	0	0	0	0	0	1
suk-publicistic-0533	suk-publicistic	3	0	0	0	0	1
suk-publicistic-0534	suk-publicistic	3	2	0	0	1	1
suk-publicistic-0535	suk-publicistic	2	0	0	0	0	0
suk-publicistic-0536	suk-publicistic	2	0	0	0	0	0
suk-publicistic-0537	suk-publicistic	5	1	0	0	0	1
suk-publicistic-0538	suk-publicistic	2	0	0	0	0	1
suk-publicistic-0539	suk-publicistic	1	0	0	0	0	0
suk-publicistic-0540	suk-publicistic	0	1	0	0	0	0
suk-publicistic-0541	suk-publicistic	1	0	0	0	0	0
suk-publicistic-0542	suk-publicistic	2	0	0	0	0	1
suk-publicistic-0543	suk-publicistic	1	0	0	0	0	0
suk-publicistic-0544	suk-publicistic	7	0	1	0	0	2
suk-publicistic-0545	suk-publicistic	8	1	0	0	0	2
suk-publicistic-0546	suk-publicistic	1	0	0	0	0	0
suk-publicistic-0547	suk-publicistic	1	0	0	0	0	0
suk-publicistic-0548	suk-publicistic	1	0	0	0	0	0
suk-publicistic-0549	suk-publicistic	0	0	0	1	0	0
suk-publicistic-0550	suk-publicistic	0	0	0	0	0	3
suk-publicistic-0551	suk-publicistic	1	1	0	0	0	1
suk-publicistic-0552	suk-publicistic	3	0	1	1	0	1
suk-publicistic-0553	suk-publicistic	0	0	1	0	0	0
suk-publicistic-0554	suk-publicistic	1	0	0	0	0	2
suk-publicistic-0555	suk-publicistic	3	3	2	0	0	2
suk-publicistic-0556	suk-publicistic	2	0	0	0	0	0
suk-publicistic-0557	suk-publicistic	2	0	0	0	0	0
suk-publicistic-0558	suk-publicistic	1	0	1	0	0	0
suk-publicistic-0559	suk-publicistic	11	1	0	0	0	1
suk-publicistic-0560	suk-publicistic	7	0	0	0	0	1
suk-publicistic-0561	suk-publicistic	1	0	0	0	0	0
suk-publicistic-0562	suk-publicistic	2	1	0	0	0	0
suk-publicistic-0563	suk-publicistic	1	0	0	0	0	0
suk-publicistic-0564	suk-publicistic	1	0	0	0	0	0
suk-publicistic-0565	suk-publicistic	3	0	0	0	0	1
suk-publicistic-0566	suk-publicistic	3	1	0	0	0	0
suk-publicistic-0567	suk-publicistic	1	0	0	0	0	0
suk-publicistic-0568	suk-publicistic	3	0	0	0	0	1
suk-publicistic-0569	suk-publicistic	1	0	1	0	0	0
suk-publicistic-0570	suk-publicistic	1	1	0	0	0	0
suk-publicistic-0571	suk-publicistic	1	0	0	0	0	0
suk-publicistic-0572	suk-publicistic	1	0	0	0	0	1
suk-publicistic-0573	suk-publicistic	2	0	0	1	0	0
suk-publicistic-0574	suk-publicistic	1	0	0	0	0	0
suk-publicistic-0575	suk-publicistic	1	0	1	0	0	0
suk-publicistic-0576	suk-publicistic	3	0	0	0	0	0
suk-publicistic-0577	suk-publicistic	1	0	0	0	0	0
suk-publicistic-0578	suk-publicistic	2	0	1	0	0	1
suk-publicistic-0579	suk-publicistic	5	0	0	0	1	0
suk-publicistic-0580	suk-publicistic	2	2	0	0	0	1
suk-publicistic-0581	suk-publicistic	1	0	0	0	0	0
suk-publicistic-0582	suk-publicistic	2	0	1	0	0	0
suk-publicistic-0583	suk-publicistic	3	0	0	0	0	1
suk-publicistic-0584	suk-publicistic	1	0	0	0	0	0
suk-publicistic-0585	suk-publicistic	2	1	0	0	0	0
suk-publicistic-0586	suk-publicistic	1	0	0	0	0	0
suk-publicistic-0587	suk-publicistic	3	0	0	0	0	1
suk-publicistic-0588	suk-publicistic	3	1	0	1	1	0
suk-publicistic-0589	suk-publicistic	4	1	0	0	0	2
suk-publicistic-0590	suk-publicistic	1	0	0	0	0	0
suk-publicistic-0591	suk-publicistic	0	1	0	0	0	2
suk-publicistic-0592	suk-publicistic	3	1	0	0	0	1
suk-publicistic-0593	suk-publicistic	3	0	0	0	0	0
suk-publicistic-0594	suk-publicistic	3	0	0	0	0	0
suk-publicistic-0595	suk-publicistic	2	1	0	0	0	1
suk-publicistic-0596	suk-publicistic	1	1	0	0	0	1
suk-publicistic-0597	suk-publicistic	3	0	0	0	0	0
suk-publicistic-0598	suk-publicistic	3	1	0	0	0	3
suk-publicistic-0599	suk-publicistic	1	0	0	0	0	0
suk-publicistic-0600	suk-publicistic	0	0	0	1	0	0
suk-publicistic-0601	suk-publicistic	3	0	0	0	0	1
suk-publicistic-0602	suk-publicistic	1	0	0	0	1	0
suk-publicistic-0603	suk-publicistic	2	0	0	1	0	1
suk-publicistic-0604	suk-publicistic	1	1	0	0	0	0
suk-publicistic-0605	suk-publicistic	3	0	1	0	0	0
suk-publicistic-0606	suk-publicistic	4	1	0	0	1	1
suk-publicistic-0607	suk-publicistic	0	0	1	0	0	1
suk-publicistic-0608	suk-publicistic	1	0	0	0	0	0
suk-publicistic-0609	suk-publicistic	1	0	0	0	0	0
suk-publicistic-0610	suk-publicistic	1	0	0	0	0	0
suk-publicistic-0611	suk-publicistic	1	0	0	0	0	0
suk-publicistic-0612	suk-publicistic	4	0	1	0	0	1
suk-publicistic-0613	suk-publicistic	1	0	0	0	0	0
suk-publicistic-0614	suk-publicistic	3	0	0	0	0	0
suk-publicistic-0615	suk-publicistic	0	0	1	0	0	1
suk-publicistic-0616	suk-publicistic	1	0	0	0	0	0
suk-publicistic-0617	suk-publicistic	1	0	0	0	0	0
suk-publicistic-0618	suk-publicistic	1	1	0	0	0	0
suk-publicistic-0619	suk-publicistic	4	0	1	1	0	1
suk-publicistic-0620	suk-publicistic	7	0	1	0	0	0
suk-publicistic-0621	suk-publicistic	1	0	0	0	0	0
suk-publicistic-0622	suk-publicistic	1	0	0	0	0	0
suk-publicistic-0623	suk-publicistic	0	0	0	0	0	1
suk-publicistic-0624	suk-publicistic	2	0	0	0	0	0
suk-publicistic-0625	suk-publicistic	0	0	0	0	0	1
suk-publicistic-0626	suk-publicistic	5	0	0	0	0	0
suk-publicistic-0627	suk-publicistic	1	0	1	0	0	0
suk-publicistic-0628	suk-publicistic	4	0	0	0	0	0
suk-publicistic-0629	suk-publicistic	5	0	0	0	0	0
suk-publicistic-0630	suk-publicistic	1	0	0	0	0	0
suk-publicistic-0631	suk-publicistic	1	0	0	0	0	0
suk-publicistic-0632	suk-publicistic	2	0	0	0	0	2
suk-publicistic-0633	suk-publicistic	2	0	0	0	0	2
suk-publicistic-0634	suk-publicistic	1	0	0	0	0	0
suk-publicistic-0635	suk-publicistic	2	0	0	0	0	0
suk-publicistic-0636	suk-publicistic	3	0	0	0	0	0
suk-publicistic-0637	suk-publicistic	2	0	0	0	0	0
suk-publicistic-0638	suk-publicistic	0	0	1	0	0	0
suk-publicistic-0639	suk-publicistic	5	0	0	0	0	0
suk-publicistic-0640	suk-publicistic	3	0	0	0	0	1
suk-publicistic-0641	suk-publicistic	1	0	0	0	0	0
suk-publicistic-0642	suk-publicistic	0	0	0	0	0	1
suk-publicistic-0643	suk-publicistic	3	0	0	0	0	0
suk-publicistic-0644	suk-publicistic	4	0	0	1	0	1
suk-publicistic-0645	suk-publicistic	0	1	0	0	0	0
suk-publicistic-0646	suk-publicistic	1	0	0	0	0	0
suk-publicistic-0647	suk-publicistic	0	1	0	0	0	0
suk-publicistic-0648	suk-publicistic	1	0	0	0	0	0
suk-publicistic-0649	suk-publicistic	2	0	0	0	0	1
suk-publicistic-0650	suk-publicistic	4	1	0	0	1	0
suk-publicistic-0651	suk-publicistic	2	0	0	0	0	0
suk-publicistic-0652	suk-publicistic	3	0	0	0	0	1
suk-publicistic-0653	suk-publicistic	1	0	0	0	0	0
suk-publicistic-0654	suk-publicistic	3	1	3	0	0	0
suk-publicistic-0655	suk-publicistic	1	0	0	1	0	0
suk-publicistic-0656	suk-publicistic	11	0	0	0	0	0
suk-publicistic-0657	suk-publicistic	2	0	0	0	0	2
suk-publicistic-0658	suk-publicistic	5	0	0	0	0	0
suk-publicistic-0659	suk-publicistic	1	0	0	0	0	0
suk-publicistic-0660	suk-publicistic	1	1	0	0	0	0
suk-publicistic-0661	suk-publicistic	1	0	0	0	0	0
suk-publicistic-0662	suk-publicistic	2	0	0	0	0	0
suk-publicistic-0663	suk-publicistic	1	0	0	0	0	1
suk-publicistic-0664	suk-publicistic	2	1	0	0	0	0
suk-publicistic-0665	suk-publicistic	4	0	0	0	0	0
suk-publicistic-0666	suk-publicistic	3	0	0	0	0	1
suk-publicistic-0667	suk-publicistic	3	0	1	0	0	0
suk-publicistic-0668	suk-publicistic	2	0	0	0	0	0
suk-publicistic-0669	suk-publicistic	0	0	1	0	0	2
suk-publicistic-0670	suk-publicistic	1	0	0	0	0	0
suk-publicistic-0671	suk-publicistic	2	0	1	0	0	0
suk-publicistic-0672	suk-publicistic	0	1	1	0	0	1
suk-publicistic-0673	suk-publicistic	0	0	0	0	0	1
suk-publicistic-0674	suk-publicistic	1	0	0	0	1	0
suk-publicistic-0675	suk-publicistic	3	0	0	1	1	1
suk-publicistic-0676	suk-publicistic	5	0	0	0	0	2
suk-publicistic-0677	suk-publicistic	4	0	0	1	0	0
suk-publicistic-0678	suk-publicistic	0	0	0	0	0	1
suk-publicistic-0679	suk-publicistic	1	0	0	0	0	0
suk-publicistic-0680	suk-publicistic	2	0	0	0	0	0
suk-publicistic-0681	suk-publicistic	1	0	0	0	0	2
suk-publicistic-0682	suk-publicistic	1	1	0	0	0	0
suk-publicistic-0683	suk-publicistic	1	0	0	0	0	0
suk-publicistic-0684	suk-publicistic	1	0	1	0	0	0
suk-publicistic-0685	suk-publicistic	9	0	0	0	0	0
suk-publicistic-0686	suk-publicistic	3	1	0	0	0	1
suk-publicistic-0687	suk-publicistic	2	0	0	0	0	0
suk-publicistic-0688	suk-publicistic	3	0	1	0	0	0
suk-publicistic-0689	suk-publicistic	1	0	0	0	0	0
suk-publicistic-0690	suk-publicistic	0	0	0	1	0	0
suk-publicistic-0691	suk-publicistic	4	0	0	0	0	0
suk-publicistic-0692	suk-publicistic	2	0	0	0	1	0
suk-publicistic-0693	suk-publicistic	2	0	0	0	0	0
suk-publicistic-0694	suk-publicistic	1	0	0	0	0	0
suk-publicistic-0695	suk-publicistic	1	0	0	0	0	0
suk-publicistic-0696	suk-publicistic	4	0	0	1	0	0
suk-publicistic-0697	suk-publicistic	1	0	0	0	0	1
suk-publicistic-0698	suk-publicistic	0	0	0	0	0	1
suk-publicistic-0699	suk-publicistic	1	1	0	0	0	0
suk-publicistic-0700	suk-publicistic	4	0	0	0	0	0
suk-publicistic-0701	suk-publicistic	5	0	0	0	0	1
suk-publicistic-0702	suk-publicistic	4	1	3	0	0	1
suk-publicistic-0703	suk-publicistic	1	0	0	0	0	0
suk-publicistic-0704	suk-publicistic	3	0	0	0	0	1
suk-publicistic-0705	suk-publicistic	4	0	0	0	0	0
suk-publicistic-0706	suk-publicistic	1	0	0	0	0	0
suk-publicistic-0707	suk-publicistic	6	0	0	0	0	0
suk-publicistic-0708	suk-publicistic	1	0	0	0	0	1
suk-publicistic-0709	suk-publicistic	2	1	0	0	0	0
suk-publicistic-0710	suk-publicistic	1	0	0	0	0	2
suk-publicistic-0711	suk-publicistic	4	0	0	0	0	0
suk-publicistic-0712	suk-publicistic	1	0	0	0	0	0
suk-publicistic-0713	suk-publicistic	0	0	0	0	0	1
suk-publicistic-0714	suk-publicistic	2	0	0	0	0	0
suk-publicistic-0715	suk-publicistic	1	0	0	0	0	0
suk-publicistic-0716	suk-publicistic	2	0	0	0	0	0
suk-publicistic-0717	suk-publicistic	2	0	0	0	0	0
suk-publicistic-0718	suk-publicistic	2	1	0	0	0	0
suk-publicistic-0719	suk-publicistic	10	1	0	0	0	0
suk-publicistic-0720	suk-publicistic	2	0	0	1	0	0
suk-publicistic-0721	suk-publicistic	4	0	0	0	0	2
suk-publicistic-0722	suk-publicistic	5	0	0	0	1	0
suk-publicistic-0723	suk-publicistic	3	2	0	0	0	0
suk-publicistic-0724	suk-publicistic	6	0	0	0	0	0
suk-publicistic-0725	suk-publicistic	3	0	1	0	0	0
suk-publicistic-0726	suk-publicistic	2	0	0	0	0	0
suk-publicistic-0727	suk-publicistic	2	0	0	0	0	0
suk-publicistic-0728	suk-publicistic	4	1	0	0	0	0
suk-publicistic-0729	suk-publicistic	5	1	0	0	0	1
suk-publicistic-0730	suk-publicistic	0	0	0	0	0	4
suk-publicistic-0731	suk-publicistic	1	0	0	0	0	0
suk-publicistic-0732	suk-publicistic	0	0	0	0	0	1
suk-publicistic-0733	suk-publicistic	0	1	0	0	0	0
suk-publicistic-0734	suk-publicistic	5	0	1	0	0	1
suk-publicistic-0735	suk-publicistic	1	0	0	0	0	1
suk-publicistic-0736	suk-publicistic	1	0	0	1	0	0
suk-publicistic-0737	suk-publicistic	0	0	0	0	0	1
suk-publicistic-0738	suk-publicistic	5	1	0	0	0	1
suk-publicistic-0739	suk-publicistic	1	0	0	0	0	1
suk-publicistic-0740	suk-publicistic	1	0	0	0	0	1
suk-publicistic-0741	suk-publicistic	1	0	0	0	0	1
suk-publicistic-0742	suk-publicistic	1	0	0	0	0	0
suk-publicistic-0743	suk-publicistic	3	1	0	0	0	0
suk-publicistic-0744	suk-publicistic	8	1	0	0	0	4
suk-publicistic-0745	suk-publicistic	3	0	0	0	0	1
suk-publicistic-0746	suk-publicistic	5	0	0	0	0	1
suk-publicistic-0747	suk-publicistic	2	1	0	0	0	0
suk-publicistic-0748	suk-publicistic	1	0	0	0	0	0
suk-publicistic-0749	suk-publicistic	2	0	0	0	0	0
suk-publicistic-0750	suk-publicistic	3	0	0	0	0	2
suk-publicistic-0751	suk-publicistic	2	0	0	0	0	0
suk-publicistic-0752	suk-publicistic	1	0	0	0	0	0
suk-publicistic-0753	suk-publicistic	2	0	0	0	0	0
suk-publicistic-0754	suk-publicistic	4	0	0	0	0	0
suk-publicistic-0755	suk-publicistic	5	1	0	0	0	0
suk-publicistic-0756	suk-publicistic	3	0	0	0	0	0
suk-publicistic-0757	suk-publicistic	4	0	0	0	0	1
suk-publicistic-0758	suk-publicistic	0	0	0	0	0	1
suk-publicistic-0759	suk-publicistic	2	0	0	0	0	0
suk-publicistic-0760	suk-publicistic	2	1	0	0	0	1
suk-publicistic-0761	suk-publicistic	1	0	0	0	0	1
suk-publicistic-0762	suk-publicistic	1	0	0	0	0	0
suk-publicistic-0763	suk-publicistic	2	0	0	0	0	0
suk-publicistic-0764	suk-publicistic	3	1	0	0	0	0
suk-publicistic-0765	suk-publicistic	1	1	0	0	0	0
suk-publicistic-0766	suk-publicistic	5	0	0	0	0	1
suk-publicistic-0767	suk-publicistic	0	0	0	0	0	2
suk-publicistic-0768	suk-publicistic	1	0	0	0	0	0
suk-publicistic-0769	suk-publicistic	1	1	0	0	0	1
suk-publicistic-0770	suk-publicistic	0	0	0	0	0	1
suk-publicistic-0771	suk-publicistic	1	0	0	0	0	0
suk-publicistic-0772	suk-publicistic	1	0	0	0	0	0
suk-publicistic-0773	suk-publicistic	6	0	0	0	0	1
suk-publicistic-0774	suk-publicistic	5	1	0	0	0	0
suk-publicistic-0775	suk-publicistic	2	0	0	0	0	1
suk-publicistic-0776	suk-publicistic	1	0	0	0	0	0
suk-publicistic-0777	suk-publicistic	5	0	0	0	0	2
suk-publicistic-0778	suk-publicistic	4	0	0	0	0	0
suk-publicistic-0779	suk-publicistic	1	1	1	0	0	0
suk-publicistic-0780	suk-publicistic	3	0	0	0	0	0
suk-publicistic-0781	suk-publicistic	3	0	0	0	0	1
suk-publicistic-0782	suk-publicistic	3	0	0	0	0	0
suk-publicistic-0783	suk-publicistic	6	1	0	0	0	1
suk-publicistic-0784	suk-publicistic	2	0	0	0	0	0
suk-publicistic-0785	suk-publicistic	2	0	0	0	0	0
suk-publicistic-0786	suk-publicistic	1	0	0	0	0	0
suk-publicistic-0787	suk-publicistic	1	0	0	0	0	0
suk-publicistic-0788	suk-publicistic	4	0	0	0	0	0
suk-publicistic-0789	suk-publicistic	0	2	0	0	0	0
suk-publicistic-0790	suk-publicistic	2	0	0	0	0	0
suk-publicistic-0791	suk-publicistic	1	0	0	0	0	0
suk-publicistic-0792	suk-publicistic	2	0	0	0	0	0
suk-publicistic-0793	suk-publicistic	1	0	1	0	0	0
suk-publicistic-0794	suk-publicistic	1	0	0	0	0	0
suk-publicistic-0795	suk-publicistic	1	0	0	0	0	0
suk-publicistic-0796	suk-publicistic	0	0	0	0	0	1
suk-publicistic-0797	suk-publicistic	2	0	1	0	0	0
suk-publicistic-0798	suk-publicistic	4	0	0	0	0	0
suk-publicistic-0799	suk-publicistic	1	0	0	0	0	1
suk-publicistic-0800	suk-publicistic	2	0	0	0	0	0
suk-publicistic-0801	suk-publicistic	1	0	0	0	0	0
suk-publicistic-0802	suk-publicistic	0	0	1	0	0	1
suk-publicistic-0803	suk-publicistic	3	0	0	0	0	0
suk-publicistic-0804	suk-publicistic	10	1	0	0	0	6
suk-publicistic-0805	suk-publicistic	4	2	3	1	0	4
suk-publicistic-0806	suk-publicistic	2	2	0	0	0	0
suk-publicistic-0807	suk-publicistic	1	0	0	0	0	0
suk-publicistic-0808	suk-publicistic	1	0	0	0	0	1
suk-publicistic-0809	suk-publicistic	3	0	0	0	1	0
suk-publicistic-0810	suk-publicistic	2	0	0	0	0	2
suk-publicistic-0811	suk-publicistic	3	1	2	0	0	0
suk-publicistic-0812	suk-publicistic	3	0	0	0	0	0
suk-publicistic-0813	suk-publicistic	2	0	0	0	0	0
suk-publicistic-0814	suk-publicistic	2	0	0	0	0	0
suk-publicistic-0815	suk-publicistic	6	0	0	0	0	1
suk-publicistic-0816	suk-publicistic	2	0	0	0	0	0
suk-publicistic-0817	suk-publicistic	2	0	0	0	0	1
suk-publicistic-0818	suk-publicistic	1	0	0	0	0	0
suk-publicistic-0819	suk-publicistic	4	0	0	0	0	1
suk-publicistic-0820	suk-publicistic	2	0	0	0	0	0
suk-publicistic-0821	suk-publicistic	2	0	0	0	0	1
suk-publicistic-0822	suk-publicistic	6	0	0	0	0	1
suk-publicistic-0823	suk-publicistic	1	0	0	0	0	0
suk-publicistic-0824	suk-publicistic	1	0	0	0	0	0
suk-publicistic-0825	suk-publicistic	3	0	0	0	0	0
suk-publicistic-0826	suk-publicistic	1	0	0	0	0	0
suk-publicistic-0827	suk-publicistic	7	1	0	2	0	1
suk-publicistic-0828	suk-publicistic	2	1	0	0	0	0
suk-publicistic-0829	suk-publicistic	1	1	0	0	0	0
suk-publicistic-0830	suk-publicistic	3	1	0	0	0	1
suk-publicistic-0831	suk-publicistic	2	0	0	0	0	0
suk-publicistic-0832	suk-publicistic	6	0	0	0	0	0
suk-publicistic-0833	suk-publicistic	1	0	0	0	0	0
suk-publicistic-0834	suk-publicistic	3	0	0	0	0	0
suk-publicistic-0835	suk-publicistic	1	1	0	0	0	1
suk-publicistic-0836	suk-publicistic	0	0	0	0	0	2
suk-publicistic-0837	suk-publicistic	7	0	0	0	0	0
suk-publicistic-0838	suk-publicistic	6	0	0	1	1	1
suk-publicistic-0839	suk-publicistic	5	0	0	0	0	1
suk-publicistic-0840	suk-publicistic	2	0	0	0	0	0
suk-publicistic-0841	suk-publicistic	2	0	0	0	0	1
suk-publicistic-0842	suk-publicistic	2	1	0	0	0	0
suk-publicistic-0843	suk-publicistic	1	0	0	0	0	1
suk-publicistic-0844	suk-publicistic	3	0	0	0	1	0
suk-publicistic-0845	suk-publicistic	3	0	0	0	0	0
suk-professional-0001	suk-professional	6	0	0	0	0	2
suk-professional-0002	suk-professional	1	0	0	0	0	0
suk-professional-0003	suk-professional	1	0	1	0	0	0
suk-professional-0004	suk-professional	0	0	0	0	0	1
suk-professional-0005	suk-professional	9	0	0	0	0	0
suk-professional-0006	suk-professional	5	1	0	1	0	1
suk-professional-0007	suk-professional	1	0	0	0	0	0
suk-professional-0008	suk-professional	3	0	0	0	0	0
suk-professional-0009	suk-professional	10	1	0	0	0	0
suk-professional-0010	suk-professional	2	0	0	0	0	0
suk-professional-0011	suk-professional	2	0	0	0	0	1
suk-professional-0012	suk-professional	1	0	0	0	0	0
suk-professional-0013	suk-professional	3	0	0	0	0	0
suk-professional-0014	suk-professional	6	1	1	0	0	0
suk-professional-0015	suk-professional	1	0	0	0	0	0
suk-professional-0016	suk-professional	3	0	0	0	0	1
suk-professional-0017	suk-professional	2	0	0	0	0	0
suk-professional-0018	suk-professional	3	0	0	0	0	0
suk-professional-0019	suk-professional	1	0	0	0	0	0
suk-professional-0020	suk-professional	2	0	0	0	0	0
suk-professional-0021	suk-professional	2	0	0	0	0	0
suk-professional-0022	suk-professional	1	0	0	0	0	0
suk-professional-0023	suk-professional	8	0	0	0	0	0
suk-professional-0024	suk-professional	1	1	0	0	0	0
suk-professional-0025	suk-professional	0	0	0	0	0	1
suk-professional-0026	suk-professional	1	0	0	0	0	1
suk-professional-0027	suk-professional	1	0	0	0	0	0
suk-professional-0028	suk-professional	9	0	2	0	0	0
suk-professional-0029	suk-professional	2	0	0	0	0	0
suk-professional-0030	suk-professional	1	0	0	0	0	0
suk-professional-0031	suk-professional	1	0	0	0	0	0
suk-professional-0032	suk-professional	1	0	0	0	0	0
suk-professional-0033	suk-professional	1	0	0	0	0	0
suk-professional-0034	suk-professional	4	0	0	0	0	2
suk-professional-0035	suk-professional	1	0	0	0	0	2
suk-professional-0036	suk-professional	1	0	1	0	0	1
suk-professional-0037	suk-professional	1	0	0	0	0	0
suk-professional-0038	suk-professional	1	0	0	0	0	0
suk-professional-0039	suk-professional	1	0	0	0	0	0
suk-professional-0040	suk-professional	1	0	0	0	0	0
suk-professional-0041	suk-professional	1	0	1	0	0	0
suk-professional-0042	suk-professional	0	0	0	0	0	1
suk-professional-0043	suk-professional	4	0	0	0	0	1
suk-professional-0044	suk-professional	0	0	0	0	0	1
suk-professional-0045	suk-professional	3	0	0	0	0	0
suk-professional-0046	suk-professional	1	0	0	1	0	0
suk-professional-0047	suk-professional	1	0	0	0	0	2
suk-professional-0048	suk-professional	4	0	0	0	0	0
suk-professional-0049	suk-professional	1	0	1	0	0	1
suk-professional-0050	suk-professional	2	0	0	0	0	1
suk-professional-0051	suk-professional	3	0	1	0	0	1
suk-professional-0052	suk-professional	1	0	0	0	1	0
suk-professional-0053	suk-professional	15	0	1	0	0	1
suk-professional-0054	suk-professional	3	0	0	0	0	0
suk-professional-0055	suk-professional	4	0	0	1	0	3
suk-professional-0056	suk-professional	1	0	0	0	0	1
suk-professional-0057	suk-professional	2	0	0	0	0	1
suk-professional-0058	suk-professional	2	0	0	0	0	0
suk-professional-0059	suk-professional	1	0	0	0	0	0
suk-professional-0060	suk-professional	0	1	0	0	1	0
suk-professional-0061	suk-professional	1	0	0	0	0	0
suk-professional-0062	suk-professional	2	1	0	0	0	1
suk-professional-0063	suk-professional	1	0	0	0	0	0
suk-professional-0064	suk-professional	0	0	1	0	0	0
suk-professional-0065	suk-professional	1	0	0	0	0	0
suk-professional-0066	suk-professional	4	0	1	0	0	0
suk-professional-0067	suk-professional	1	0	0	0	0	0
suk-professional-0068	suk-professional	1	0	0	0	0	0
suk-professional-0069	suk-professional	2	0	0	0	1	1
suk-professional-0070	suk-professional	2	0	0	0	0	0
suk-professional-0071	suk-professional	2	0	0	0	0	0
suk-professional-0072	suk-professional	15	0	1	0	1	1
suk-professional-0073	suk-professional	1	0	0	0	0	0
suk-professional-0074	suk-professional	37	0	4	0	0	0
suk-professional-0075	suk-professional	2	0	0	0	0	0
suk-professional-0076	suk-professional	24	2	0	0	0	4
suk-professional-0077	suk-professional	0	1	0	0	0	0
suk-professional-0078	suk-professional	1	0	0	0	0	0
suk-professional-0079	suk-professional	8	0	0	0	0	0
suk-professional-0080	suk-professional	2	0	0	0	0	0
suk-professional-0081	suk-professional	1	0	0	0	0	0
suk-professional-0082	suk-professional	3	1	0	0	0	0
suk-professional-0083	suk-professional	3	0	0	0	0	0
suk-professional-0084	suk-professional	0	0	0	0	0	1
suk-professional-0085	suk-professional	1	1	0	0	0	0
suk-professional-0086	suk-professional	13	0	0	1	0	4
suk-professional-0087	suk-professional	12	0	0	0	0	2
suk-professional-0088	suk-professional	9	0	0	0	0	1
suk-professional-0089	suk-professional	3	0	1	0	0	2
suk-professional-0090	suk-professional	2	0	0	0	0	0
suk-professional-0091	suk-professional	9	0	1	0	0	1
suk-professional-0092	suk-professional	2	0	0	0	0	0
suk-professional-0093	suk-professional	2	0	1	0	0	0
suk-professional-0094	suk-professional	1	0	0	0	0	0
suk-professional-0095	suk-professional	1	0	0	0	0	0
suk-professional-0096	suk-professional	18	0	1	0	0	1
suk-professional-0097	suk-professional	0	0	0	0	0	1
suk-professional-0098	suk-professional	1	0	0	0	0	0
suk-professional-0099	suk-professional	0	0	1	0	0	0
suk-professional-0100	suk-professional	1	0	0	0	0	1
suk-professional-0101	suk-professional	1	0	0	0	0	0
suk-professional-0102	suk-professional	7	0	0	0	0	0
suk-professional-0103	suk-professional	5	1	1	0	0	2
suk-professional-0104	suk-professional	1	0	0	0	1	0
suk-professional-0105	suk-professional	5	0	0	1	0	0
suk-professional-0106	suk-professional	4	0	0	0	0	0
suk-professional-0107	suk-professional	3	0	0	0	0	0
suk-professional-0108	suk-professional	2	0	1	0	0	0
suk-professional-0109	suk-professional	0	0	0	0	0	1
suk-professional-0110	suk-professional	0	0	1	0	0	0
suk-professional-0111	suk-professional	1	0	0	0	0	0
suk-professional-0112	suk-professional	1	0	0	0	0	0
suk-professional-0113	suk-professional	12	0	0	0	0	5
suk-professional-0114	suk-professional	1	0	0	0	1	3
suk-professional-0115	suk-professional	2	2	0	0	0	2
suk-professional-0116	suk-professional	3	1	0	0	0	0
suk-professional-0117	suk-professional	2	0	0	0	0	0
suk-professional-0118	suk-professional	31	1	0	0	0	0
suk-professional-0119	suk-professional	2	0	0	0	0	2
suk-professional-0120	suk-professional	1	0	0	0	0	1
suk-professional-0121	suk-professional	1	0	0	0	0	0
suk-professional-0122	suk-professional	7	2	0	0	0	0
suk-professional-0123	suk-professional	4	0	0	0	0	0
suk-professional-0124	suk-professional	7	1	0	0	1	1
suk-professional-0125	suk-professional	3	0	1	0	0	1
suk-professional-0126	suk-professional	2	1	0	0	1	1
suk-professional-0127	suk-professional	1	0	0	0	2	0
suk-professional-0128	suk-professional	1	0	0	0	0	0
suk-professional-0129	suk-professional	2	1	0	0	0	0
suk-professional-0130	suk-professional	0	0	0	0	0	1
suk-professional-0131	suk-professional	4	0	0	0	0	0
suk-professional-0132	suk-professional	3	0	0	0	0	2
suk-professional-0133	suk-professional	2	1	0	0	0	0
suk-professional-0134	suk-professional	3	0	1	0	0	0
suk-professional-0135	suk-professional	0	1	0	0	0	0
suk-professional-0136	suk-professional	1	0	0	0	0	0
suk-professional-0137	suk-professional	8	0	0	0	0	0
suk-professional-0138	suk-professional	14	1	0	0	0	0
suk-professional-0139	suk-professional	3	0	0	0	0	0
suk-professional-0140	suk-professional	2	0	0	0	0	0
suk-professional-0141	suk-professional	2	0	0	0	0	0
suk-professional-0142	suk-professional	6	0	1	1	0	2
suk-professional-0143	suk-professional	1	0	0	0	0	0
suk-professional-0144	suk-professional	0	1	0	0	0	1
suk-professional-0145	suk-professional	0	2	1	0	0	0
suk-professional-0146	suk-professional	4	0	0	1	1	1
suk-professional-0147	suk-professional	1	0	0	0	0	1
suk-professional-0148	suk-professional	4	0	0	0	0	3
suk-professional-0149	suk-professional	2	0	0	0	0	0
suk-professional-0150	suk-professional	2	0	0	0	0	1
suk-professional-0151	suk-professional	4	0	0	0	1	0
suk-professional-0152	suk-professional	1	0	0	0	0	0
suk-professional-0153	suk-professional	6	0	0	0	0	0
suk-professional-0154	suk-professional	6	0	1	2	0	2
suk-professional-0155	suk-professional	4	0	0	0	0	2
suk-professional-0156	suk-professional	8	1	0	0	0	1
suk-professional-0157	suk-professional	4	1	0	0	0	0
suk-professional-0158	suk-professional	0	1	0	0	0	0
suk-professional-0159	suk-professional	1	0	0	0	0	0
suk-professional-0160	suk-professional	1	0	0	0	1	0
suk-professional-0161	suk-professional	2	0	0	0	0	0
suk-professional-0162	suk-professional	4	0	0	3	0	2
suk-professional-0163	suk-professional	2	0	0	0	0	1
suk-professional-0164	suk-professional	1	0	0	0	0	0
suk-professional-0165	suk-professional	1	0	0	0	0	0
suk-professional-0166	suk-professional	6	1	0	1	0	0
suk-professional-0167	suk-professional	4	0	0	0	0	0
suk-professional-0168	suk-professional	6	0	0	0	0	1
suk-professional-0169	suk-professional	4	1	1	0	0	0
suk-professional-0170	suk-professional	3	0	0	0	0	0
suk-professional-0171	suk-professional	1	0	0	0	0	0
suk-professional-0172	suk-professional	4	0	0	0	0	1
suk-professional-0173	suk-professional	0	1	0	0	0	0
suk-professional-0174	suk-professional	4	0	0	0	0	1
suk-professional-0175	suk-professional	1	0	0	0	0	0
suk-professional-0176	suk-professional	1	2	0	0	0	1
suk-professional-0177	suk-professional	2	0	0	0	0	0
suk-professional-0178	suk-professional	2	0	0	0	0	1
suk-professional-0179	suk-professional	0	0	0	0	0	1
suk-professional-0180	suk-professional	1	0	0	0	0	0
suk-professional-0181	suk-professional	2	0	0	0	0	0
suk-professional-0182	suk-professional	7	0	0	0	0	0
suk-professional-0183	suk-professional	1	0	0	0	0	0
suk-professional-0184	suk-professional	1	0	0	0	0	0
suk-professional-0185	suk-professional	0	1	0	0	0	1
suk-professional-0186	suk-professional	6	1	0	0	0	1
suk-professional-0187	suk-professional	1	0	0	0	0	0
suk-professional-0188	suk-professional	4	0	0	0	0	2
suk-professional-0189	suk-professional	5	0	0	0	1	0
suk-professional-0190	suk-professional	2	0	0	0	0	0
suk-professional-0191	suk-professional	2	1	2	0	0	0
suk-professional-0192	suk-professional	1	0	0	0	0	0
suk-professional-0193	suk-professional	0	0	0	0	0	1
suk-professional-0194	suk-professional	1	0	0	0	0	0
suk-professional-0195	suk-professional	6	0	0	0	0	1
suk-professional-0196	suk-professional	12	0	1	1	0	2
suk-professional-0197	suk-professional	2	0	0	0	0	1
suk-professional-0198	suk-professional	12	1	0	0	0	0
suk-professional-0199	suk-professional	12	1	3	0	0	2
suk-professional-0200	suk-professional	1	0	0	0	0	1
suk-professional-0201	suk-professional	3	0	0	0	0	0
suk-professional-0202	suk-professional	2	0	0	0	0	0
suk-professional-0203	suk-professional	3	0	0	0	0	0
suk-professional-0204	suk-professional	1	0	0	0	0	0
suk-professional-0205	suk-professional	4	1	1	0	0	2
suk-professional-0206	suk-professional	1	0	0	0	0	0
suk-professional-0207	suk-professional	1	0	0	0	0	0
suk-professional-0208	suk-professional	0	0	0	0	1	0
suk-professional-0209	suk-professional	1	0	1	0	0	0
suk-professional-0210	suk-professional	2	0	0	0	0	1
suk-professional-0211	suk-professional	2	0	0	1	0	1
suk-professional-0212	suk-professional	2	0	0	1	0	0
suk-professional-0213	suk-professional	2	0	0	0	0	0
suk-professional-0214	suk-professional	0	0	0	0	2	1
suk-professional-0215	suk-professional	1	0	0	0	0	0
suk-professional-0216	suk-professional	22	3	0	0	1	5
suk-professional-0217	suk-professional	3	0	0	0	0	2
suk-professional-0218	suk-professional	3	1	0	0	0	0
suk-professional-0219	suk-professional	1	0	2	0	0	3
suk-professional-0220	suk-professional	1	0	0	0	0	1
suk-professional-0221	suk-professional	0	0	0	0	0	1
suk-professional-0222	suk-professional	5	0	0	0	0	2
suk-professional-0223	suk-professional	3	0	0	0	1	3
suk-professional-0224	suk-professional	3	1	0	0	0	0
suk-professional-0225	suk-professional	4	0	1	0	0	0
suk-professional-0226	suk-professional	3	0	0	0	0	1
suk-professional-0227	suk-professional	7	0	0	0	0	0
suk-professional-0228	suk-professional	1	0	0	0	0	0
suk-professional-0229	suk-professional	2	0	0	0	0	0
suk-professional-0230	suk-professional	1	0	0	0	0	0
suk-professional-0231	suk-professional	1	0	0	0	0	0
suk-professional-0232	suk-professional	2	0	0	0	0	1
suk-professional-0233	suk-professional	1	0	0	0	0	0
suk-professional-0234	suk-professional	6	0	1	0	0	2
suk-professional-0235	suk-professional	3	0	0	0	0	0
suk-professional-0236	suk-professional	6	1	0	0	0	1
suk-professional-0237	suk-professional	1	0	0	0	0	0
suk-professional-0238	suk-professional	0	0	0	0	0	2
suk-professional-0239	suk-professional	1	0	0	0	0	0
suk-professional-0240	suk-professional	1	0	0	0	0	0
suk-professional-0241	suk-professional	8	0	0	0	0	1
suk-professional-0242	suk-professional	6	0	1	0	0	0
suk-professional-0243	suk-professional	7	1	0	1	0	0
suk-professional-0244	suk-professional	0	0	0	0	0	1
suk-professional-0245	suk-professional	4	0	1	0	0	1
suk-professional-0246	suk-professional	2	0	0	0	0	0
suk-professional-0247	suk-professional	10	1	2	0	1	2
suk-professional-0248	suk-professional	2	0	0	0	0	0
suk-professional-0249	suk-professional	10	1	0	0	0	2
suk-professional-0250	suk-professional	1	0	0	0	0	0
